SN,Buying Price (Long),Timestamp,Selling Price (Long),Timestamp,P/L,Selling Price (Short),Timestamp,Buying Price (Short),Timestamp,P/L
1,2946032,1/25/2019 9:22:08.000000000 AM,2945170,1/25/2019 9:22:44.000000000 AM,-436,2949245,1/25/2019 9:16:04.000000000 AM,2945367,1/25/2019 9:21:34.000000000 AM,1934
2,2945312,1/25/2019 9:26:24.000000000 AM,2944637,1/25/2019 9:29:02.000000000 AM,-342.5,2945012,1/25/2019 9:22:44.000000000 AM,2945312,1/25/2019 9:26:24.000000000 AM,-155
3,2945702,1/25/2019 9:30:08.000000000 AM,2945777,1/25/2019 9:33:40.000000000 AM,32.5,2944665,1/25/2019 9:29:02.000000000 AM,2945702,1/25/2019 9:30:08.000000000 AM,-523.5
4,2943920,1/25/2019 9:39:06.000000000 AM,2943355,1/25/2019 9:45:10.000000000 AM,-287.5,2945740,1/25/2019 9:33:40.000000000 AM,2943920,1/25/2019 9:39:06.000000000 AM,905
5,2944745,1/25/2019 9:46:44.000000000 AM,2944922,1/25/2019 9:48:26.000000000 AM,83.5,2943355,1/25/2019 9:45:10.000000000 AM,2944745,1/25/2019 9:46:44.000000000 AM,-700
6,2945642,1/25/2019 9:52:04.000000000 AM,2945010,1/25/2019 9:52:42.000000000 AM,-321,2944955,1/25/2019 9:48:26.000000000 AM,2945642,1/25/2019 9:52:04.000000000 AM,-348.5
7,2945107,1/25/2019 9:56:20.000000000 AM,2947195,1/25/2019 10:02:58.000000000 AM,1039,2945010,1/25/2019 9:52:42.000000000 AM,2945107,1/25/2019 9:56:20.000000000 AM,-53.5
8,2947982,1/25/2019 10:04:48.000000000 AM,2948250,1/25/2019 10:08:16.000000000 AM,129,2947132,1/25/2019 10:02:58.000000000 AM,2947982,1/25/2019 10:04:48.000000000 AM,-430
9,2946347,1/25/2019 10:11:38.000000000 AM,2945642,1/25/2019 10:11:56.000000000 AM,-357.5,2948092,1/25/2019 10:08:16.000000000 AM,2946347,1/25/2019 10:11:38.000000000 AM,867.5
10,2946405,1/25/2019 10:13:16.000000000 AM,2947600,1/25/2019 10:16:44.000000000 AM,592.5,2945695,1/25/2019 10:11:56.000000000 AM,2946405,1/25/2019 10:13:16.000000000 AM,-360
11,2948455,1/25/2019 10:17:08.000000000 AM,2947800,1/25/2019 10:20:42.000000000 AM,-332.5,2947435,1/25/2019 10:16:44.000000000 AM,2948455,1/25/2019 10:17:08.000000000 AM,-515
12,2949587,1/25/2019 10:22:50.000000000 AM,2948297,1/25/2019 10:25:32.000000000 AM,-650,2947757,1/25/2019 10:20:42.000000000 AM,2949587,1/25/2019 10:22:50.000000000 AM,-920
13,2946837,1/25/2019 10:30:04.000000000 AM,2945670,1/25/2019 10:30:24.000000000 AM,-588.5,2948300,1/25/2019 10:25:32.000000000 AM,2946837,1/25/2019 10:30:04.000000000 AM,726.5
14,2946740,1/25/2019 10:32:14.000000000 AM,2947567,1/25/2019 10:41:10.000000000 AM,408.5,2945777,1/25/2019 10:30:24.000000000 AM,2946740,1/25/2019 10:32:14.000000000 AM,-486.5
15,2948575,1/25/2019 10:44:30.000000000 AM,2948592,1/25/2019 10:46:52.000000000 AM,3.5,2947567,1/25/2019 10:41:10.000000000 AM,2948575,1/25/2019 10:44:30.000000000 AM,-509
16,2947395,1/25/2019 10:53:06.000000000 AM,2947790,1/25/2019 10:57:02.000000000 AM,192.5,2948592,1/25/2019 10:46:52.000000000 AM,2947395,1/25/2019 10:53:06.000000000 AM,593.5
17,2948047,1/25/2019 10:59:22.000000000 AM,2947490,1/25/2019 11:00:14.000000000 AM,-283.5,2947790,1/25/2019 10:57:02.000000000 AM,2948047,1/25/2019 10:59:22.000000000 AM,-133.5
18,2947260,1/25/2019 11:03:02.000000000 AM,2947197,1/25/2019 11:05:30.000000000 AM,-36.5,2947490,1/25/2019 11:00:14.000000000 AM,2947260,1/25/2019 11:03:02.000000000 AM,110
19,2946150,1/25/2019 11:12:14.000000000 AM,2945465,1/25/2019 11:12:58.000000000 AM,-347.5,2947227,1/25/2019 11:05:30.000000000 AM,2946150,1/25/2019 11:12:14.000000000 AM,533.5
20,2944585,1/25/2019 11:17:02.000000000 AM,2944482,1/25/2019 11:20:46.000000000 AM,-56.5,2945360,1/25/2019 11:12:58.000000000 AM,2944585,1/25/2019 11:17:02.000000000 AM,382.5
21,2944867,1/25/2019 11:21:12.000000000 AM,2944620,1/25/2019 11:22:46.000000000 AM,-128.5,2944482,1/25/2019 11:20:46.000000000 AM,2944867,1/25/2019 11:21:12.000000000 AM,-197.5
22,2943775,1/25/2019 11:28:54.000000000 AM,2944347,1/25/2019 11:34:14.000000000 AM,281,2944622,1/25/2019 11:22:46.000000000 AM,2943775,1/25/2019 11:28:54.000000000 AM,418.5
23,2944097,1/25/2019 11:40:10.000000000 AM,2943585,1/25/2019 11:41:30.000000000 AM,-261,2944337,1/25/2019 11:34:14.000000000 AM,2944097,1/25/2019 11:40:10.000000000 AM,115
24,2943752,1/25/2019 11:44:18.000000000 AM,2946477,1/25/2019 11:53:28.000000000 AM,1357.5,2943585,1/25/2019 11:41:30.000000000 AM,2943752,1/25/2019 11:44:18.000000000 AM,-88.5
25,2945410,1/25/2019 11:59:50.000000000 AM,2946332,1/25/2019 12:04:46.000000000 PM,456,2946445,1/25/2019 11:53:28.000000000 AM,2945410,1/25/2019 11:59:50.000000000 AM,512.5
26,2942560,1/25/2019 12:18:20.000000000 PM,2941742,1/25/2019 12:24:42.000000000 PM,-414,2946340,1/25/2019 12:04:46.000000000 PM,2942560,1/25/2019 12:18:18.000000000 PM,1885
27,2942532,1/25/2019 12:28:30.000000000 PM,2942242,1/25/2019 12:29:36.000000000 PM,-150,2941742,1/25/2019 12:24:42.000000000 PM,2942532,1/25/2019 12:28:30.000000000 PM,-400
28,2943127,1/25/2019 12:30:36.000000000 PM,2943252,1/25/2019 12:37:10.000000000 PM,57.5,2942240,1/25/2019 12:29:36.000000000 PM,2943127,1/25/2019 12:30:36.000000000 PM,-448.5
29,2944525,1/25/2019 12:39:04.000000000 PM,2943795,1/25/2019 12:40:28.000000000 PM,-370,2943252,1/25/2019 12:37:10.000000000 PM,2944525,1/25/2019 12:39:04.000000000 PM,-641.5
30,2944230,1/25/2019 12:41:34.000000000 PM,2943790,1/25/2019 12:42:16.000000000 PM,-225,2943902,1/25/2019 12:40:28.000000000 PM,2944230,1/25/2019 12:41:34.000000000 PM,-169
31,2944580,1/25/2019 12:43:28.000000000 PM,2944085,1/25/2019 12:47:34.000000000 PM,-252.5,2943790,1/25/2019 12:42:16.000000000 PM,2944580,1/25/2019 12:43:28.000000000 PM,-400
32,2943362,1/25/2019 12:51:12.000000000 PM,2943597,1/25/2019 12:52:50.000000000 PM,112.5,2944095,1/25/2019 12:47:34.000000000 PM,2943362,1/25/2019 12:51:12.000000000 PM,361.5
33,2942705,1/25/2019 12:56:24.000000000 PM,2943360,1/25/2019 1:01:34.000000000 PM,322.5,2943610,1/25/2019 12:52:50.000000000 PM,2942705,1/25/2019 12:56:24.000000000 PM,447.5
34,2942905,1/25/2019 1:05:14.000000000 PM,2942362,1/25/2019 1:07:02.000000000 PM,-276.5,2943360,1/25/2019 1:01:34.000000000 PM,2942905,1/25/2019 1:05:14.000000000 PM,222.5
35,2943130,1/25/2019 1:07:46.000000000 PM,2944475,1/25/2019 1:15:04.000000000 PM,667.5,2942362,1/25/2019 1:07:02.000000000 PM,2943130,1/25/2019 1:07:46.000000000 PM,-389
36,2944870,1/25/2019 1:17:20.000000000 PM,2943185,1/25/2019 1:18:10.000000000 PM,-847.5,2944300,1/25/2019 1:15:04.000000000 PM,2944870,1/25/2019 1:17:20.000000000 PM,-290
37,2943562,1/25/2019 1:22:10.000000000 PM,2942680,1/25/2019 1:24:06.000000000 PM,-446,2943182,1/25/2019 1:18:10.000000000 PM,2943562,1/25/2019 1:22:10.000000000 PM,-195
38,2941315,1/25/2019 1:27:36.000000000 PM,2943532,1/25/2019 1:37:02.000000000 PM,1103.5,2942680,1/25/2019 1:24:06.000000000 PM,2941315,1/25/2019 1:27:36.000000000 PM,677.5
39,2943715,1/25/2019 1:41:18.000000000 PM,2944330,1/25/2019 1:45:50.000000000 PM,302.5,2943532,1/25/2019 1:37:02.000000000 PM,2943715,1/25/2019 1:41:18.000000000 PM,-96.5
40,2945017,1/25/2019 1:46:48.000000000 PM,2947467,1/25/2019 1:49:06.000000000 PM,1220,2944542,1/25/2019 1:45:50.000000000 PM,2945017,1/25/2019 1:46:48.000000000 PM,-242.5
41,2946255,1/25/2019 1:52:32.000000000 PM,2945322,1/25/2019 1:52:52.000000000 PM,-471.5,2947470,1/25/2019 1:49:06.000000000 PM,2946255,1/25/2019 1:52:32.000000000 PM,602.5
42,2944072,1/25/2019 1:59:04.000000000 PM,2943737,1/25/2019 2:00:56.000000000 PM,-172.5,2945322,1/25/2019 1:52:52.000000000 PM,2944072,1/25/2019 1:59:04.000000000 PM,620
43,2941365,1/25/2019 2:05:22.000000000 PM,2943050,1/25/2019 2:10:22.000000000 PM,837.5,2943905,1/25/2019 2:00:56.000000000 PM,2941365,1/25/2019 2:05:22.000000000 PM,1265
44,2943217,1/25/2019 2:11:56.000000000 PM,2942077,1/25/2019 2:15:06.000000000 PM,-575,2943097,1/25/2019 2:10:22.000000000 PM,2943217,1/25/2019 2:11:56.000000000 PM,-65
45,2942140,1/25/2019 2:16:34.000000000 PM,2941742,1/25/2019 2:18:14.000000000 PM,-204,2942075,1/25/2019 2:15:06.000000000 PM,2942140,1/25/2019 2:16:34.000000000 PM,-37.5
46,2942552,1/25/2019 2:20:42.000000000 PM,2940372,1/25/2019 2:21:32.000000000 PM,-1095,2941762,1/25/2019 2:18:14.000000000 PM,2942552,1/25/2019 2:20:42.000000000 PM,-400
47,2937230,1/25/2019 2:30:52.000000000 PM,2938300,1/25/2019 2:36:06.000000000 PM,530,2940347,1/25/2019 2:21:32.000000000 PM,2937230,1/25/2019 2:30:52.000000000 PM,1553.5
48,2939605,1/25/2019 2:38:44.000000000 PM,2937852,1/25/2019 2:42:58.000000000 PM,-881.5,2938300,1/25/2019 2:36:06.000000000 PM,2939605,1/25/2019 2:38:44.000000000 PM,-657.5
49,2939950,1/25/2019 2:48:20.000000000 PM,2939082,1/25/2019 2:49:46.000000000 PM,-439,2937852,1/25/2019 2:42:58.000000000 PM,2939655,1/25/2019 2:45:52.000000000 PM,-906.5
50,2939490,1/25/2019 2:50:42.000000000 PM,2938320,1/25/2019 2:51:46.000000000 PM,-590,2939082,1/25/2019 2:49:46.000000000 PM,2939490,1/25/2019 2:50:42.000000000 PM,-209
51,2939212,1/25/2019 2:53:04.000000000 PM,2941197,1/25/2019 2:56:58.000000000 PM,987.5,2938510,1/25/2019 2:51:46.000000000 PM,2939212,1/25/2019 2:53:04.000000000 PM,-356
52,2942857,1/25/2019 2:58:00.000000000 PM,2942200,1/25/2019 2:58:48.000000000 PM,-333.5,2941282,1/25/2019 2:56:58.000000000 PM,2942857,1/25/2019 2:58:00.000000000 PM,-792.5
53,2943442,1/25/2019 2:59:08.000000000 PM,2943940,1/25/2019 3:02:06.000000000 PM,244,2942230,1/25/2019 2:58:48.000000000 PM,2943442,1/25/2019 2:59:08.000000000 PM,-611
54,2942592,1/25/2019 3:06:04.000000000 PM,2942292,1/25/2019 3:09:52.000000000 PM,-155,2943852,1/25/2019 3:02:06.000000000 PM,2942592,1/25/2019 3:06:04.000000000 PM,625
55,2942770,1/25/2019 3:12:16.000000000 PM,2942777,1/25/2019 3:17:20.000000000 PM,-1.5,2942290,1/25/2019 3:09:52.000000000 PM,2942770,1/25/2019 3:12:16.000000000 PM,-245
56,2943750,1/25/2019 3:18:14.000000000 PM,2943080,1/25/2019 3:19:56.000000000 PM,-340,2942780,1/25/2019 3:17:20.000000000 PM,2943750,1/25/2019 3:18:14.000000000 PM,-490
57,2943867,1/25/2019 3:20:58.000000000 PM,2945822,1/25/2019 3:24:28.000000000 PM,972.5,2943035,1/25/2019 3:19:56.000000000 PM,2943867,1/25/2019 3:20:58.000000000 PM,-421
58,2946102,1/25/2019 3:25:36.000000000 PM,2945697,1/25/2019 3:27:52.000000000 PM,-207.5,2945915,1/25/2019 3:24:28.000000000 PM,2946102,1/25/2019 3:25:36.000000000 PM,-98.5
59,2949445,1/26/2019 9:15:04.000000000 AM,2950910,1/26/2019 9:17:32.000000000 AM,727.5,2945697,1/25/2019 3:27:52.000000000 PM,2945365,1/25/2019 3:29:02.000000000 PM,161
60,2952557,1/26/2019 9:18:16.000000000 AM,2950872,1/26/2019 9:21:02.000000000 AM,-847.5,2951157,1/26/2019 9:17:32.000000000 AM,2952557,1/26/2019 9:18:16.000000000 AM,-705
61,2952907,1/26/2019 9:24:44.000000000 AM,2957857,1/26/2019 9:38:26.000000000 AM,2470,2950872,1/26/2019 9:21:02.000000000 AM,2952907,1/26/2019 9:24:44.000000000 AM,-1022.5
62,2958085,1/26/2019 9:42:12.000000000 AM,2957275,1/26/2019 9:42:48.000000000 AM,-410,2957867,1/26/2019 9:38:26.000000000 AM,2958085,1/26/2019 9:42:12.000000000 AM,-114
63,2958600,1/26/2019 9:44:00.000000000 AM,2962900,1/26/2019 9:51:58.000000000 AM,2145,2957275,1/26/2019 9:42:48.000000000 AM,2958600,1/26/2019 9:44:00.000000000 AM,-667.5
64,2960652,1/26/2019 10:00:06.000000000 AM,2964602,1/26/2019 10:08:14.000000000 AM,1970,2962897,1/26/2019 9:51:58.000000000 AM,2960652,1/26/2019 10:00:06.000000000 AM,1117.5
65,2964960,1/26/2019 10:09:28.000000000 AM,2964415,1/26/2019 10:11:10.000000000 AM,-277.5,2964610,1/26/2019 10:08:14.000000000 AM,2964960,1/26/2019 10:09:28.000000000 AM,-180
66,2964315,1/26/2019 10:13:00.000000000 AM,2964417,1/26/2019 10:13:56.000000000 AM,46,2964432,1/26/2019 10:11:10.000000000 AM,2964315,1/26/2019 10:13:00.000000000 AM,53.5
67,2964860,1/26/2019 10:14:48.000000000 AM,2964335,1/26/2019 10:15:02.000000000 AM,-267.5,2964370,1/26/2019 10:13:56.000000000 AM,2964860,1/26/2019 10:14:48.000000000 AM,-250
68,2965040,1/26/2019 10:16:12.000000000 AM,2965830,1/26/2019 10:18:26.000000000 AM,390,2964327,1/26/2019 10:15:02.000000000 AM,2965040,1/26/2019 10:16:12.000000000 AM,-361.5
69,2965982,1/26/2019 10:20:16.000000000 AM,2966657,1/26/2019 10:25:04.000000000 AM,332.5,2965835,1/26/2019 10:18:26.000000000 AM,2965982,1/26/2019 10:20:16.000000000 AM,-78.5
70,2966315,1/26/2019 10:32:16.000000000 AM,2965062,1/26/2019 10:33:24.000000000 AM,-631.5,2966697,1/26/2019 10:25:04.000000000 AM,2966315,1/26/2019 10:32:16.000000000 AM,186
71,2964902,1/26/2019 10:36:10.000000000 AM,2965295,1/26/2019 10:38:34.000000000 AM,191.5,2965062,1/26/2019 10:33:24.000000000 AM,2964902,1/26/2019 10:36:10.000000000 AM,75
72,2965587,1/26/2019 10:39:16.000000000 AM,2965282,1/26/2019 10:43:52.000000000 AM,-157.5,2965295,1/26/2019 10:38:34.000000000 AM,2965587,1/26/2019 10:39:16.000000000 AM,-151
73,2965082,1/26/2019 10:46:12.000000000 AM,2964660,1/26/2019 10:47:10.000000000 AM,-216,2965282,1/26/2019 10:43:52.000000000 AM,2965082,1/26/2019 10:46:12.000000000 AM,95
74,2963295,1/26/2019 10:51:10.000000000 AM,2963712,1/26/2019 11:01:08.000000000 AM,203.5,2964765,1/26/2019 10:47:10.000000000 AM,2963295,1/26/2019 10:51:10.000000000 AM,730
75,2963937,1/26/2019 11:04:54.000000000 AM,2964272,1/26/2019 11:06:24.000000000 AM,162.5,2963712,1/26/2019 11:01:08.000000000 AM,2963937,1/26/2019 11:04:54.000000000 AM,-117.5
76,2962550,1/26/2019 11:13:22.000000000 AM,2962275,1/26/2019 11:17:44.000000000 AM,-142.5,2964247,1/26/2019 11:06:24.000000000 AM,2962550,1/26/2019 11:13:22.000000000 AM,843.5
77,2961780,1/26/2019 11:21:32.000000000 AM,2960955,1/26/2019 11:23:26.000000000 AM,-417.5,2962260,1/26/2019 11:17:44.000000000 AM,2961780,1/26/2019 11:21:32.000000000 AM,235
78,2961102,1/26/2019 11:26:00.000000000 AM,2960157,1/26/2019 11:32:06.000000000 AM,-477.5,2960955,1/26/2019 11:23:26.000000000 AM,2961102,1/26/2019 11:26:00.000000000 AM,-78.5
79,2960302,1/26/2019 11:33:00.000000000 AM,2960257,1/26/2019 11:33:50.000000000 AM,-27.5,2960155,1/26/2019 11:32:06.000000000 AM,2960302,1/26/2019 11:33:00.000000000 AM,-78.5
80,2960267,1/26/2019 11:35:50.000000000 AM,2960245,1/26/2019 11:38:40.000000000 AM,-16,2960257,1/26/2019 11:33:50.000000000 AM,2960267,1/26/2019 11:35:50.000000000 AM,-10
81,2961140,1/26/2019 11:40:10.000000000 AM,2960845,1/26/2019 11:42:44.000000000 AM,-152.5,2960285,1/26/2019 11:38:40.000000000 AM,2961140,1/26/2019 11:40:10.000000000 AM,-432.5
82,2957390,1/26/2019 11:47:34.000000000 AM,2959057,1/26/2019 11:56:44.000000000 AM,828.5,2960845,1/26/2019 11:42:44.000000000 AM,2957390,1/26/2019 11:47:34.000000000 AM,1722.5
83,2957882,1/26/2019 12:02:44.000000000 PM,2959165,1/26/2019 12:08:22.000000000 PM,636.5,2959060,1/26/2019 11:56:44.000000000 AM,2957882,1/26/2019 12:02:44.000000000 PM,584
84,2958805,1/26/2019 12:14:16.000000000 PM,2960802,1/26/2019 12:20:02.000000000 PM,993.5,2959135,1/26/2019 12:08:22.000000000 PM,2958805,1/26/2019 12:14:16.000000000 PM,160
85,2961625,1/26/2019 12:21:34.000000000 PM,2962160,1/26/2019 12:23:28.000000000 PM,262.5,2960827,1/26/2019 12:20:02.000000000 PM,2961625,1/26/2019 12:21:34.000000000 PM,-404
86,2963732,1/26/2019 12:27:32.000000000 PM,2962202,1/26/2019 12:29:20.000000000 PM,-770,2961780,1/26/2019 12:23:28.000000000 PM,2963732,1/26/2019 12:27:32.000000000 PM,-981
87,2962887,1/26/2019 12:29:52.000000000 PM,2961845,1/26/2019 12:30:28.000000000 PM,-526,2962202,1/26/2019 12:29:20.000000000 PM,2962887,1/26/2019 12:29:52.000000000 PM,-347.5
88,2962355,1/26/2019 12:32:08.000000000 PM,2961750,1/26/2019 12:32:40.000000000 PM,-307.5,2961882,1/26/2019 12:30:28.000000000 PM,2962355,1/26/2019 12:32:08.000000000 PM,-241.5
89,2962235,1/26/2019 12:34:00.000000000 PM,2962140,1/26/2019 12:37:08.000000000 PM,-52.5,2961747,1/26/2019 12:32:40.000000000 PM,2962235,1/26/2019 12:34:00.000000000 PM,-249
90,2962647,1/26/2019 12:40:12.000000000 PM,2962545,1/26/2019 12:42:36.000000000 PM,-56,2962102,1/26/2019 12:37:08.000000000 PM,2962647,1/26/2019 12:40:12.000000000 PM,-277.5
91,2961067,1/26/2019 12:48:26.000000000 PM,2960257,1/26/2019 12:48:50.000000000 PM,-410,2962457,1/26/2019 12:42:36.000000000 PM,2961067,1/26/2019 12:48:26.000000000 PM,690
92,2960947,1/26/2019 12:50:44.000000000 PM,2960275,1/26/2019 12:52:32.000000000 PM,-341,2960250,1/26/2019 12:48:50.000000000 PM,2960947,1/26/2019 12:50:44.000000000 PM,-353.5
93,2960772,1/26/2019 12:56:08.000000000 PM,2960565,1/26/2019 12:58:34.000000000 PM,-108.5,2960280,1/26/2019 12:52:32.000000000 PM,2960772,1/26/2019 12:56:08.000000000 PM,-251
94,2961202,1/26/2019 12:59:20.000000000 PM,2960107,1/26/2019 1:00:08.000000000 PM,-552.5,2960615,1/26/2019 12:58:34.000000000 PM,2961202,1/26/2019 12:59:20.000000000 PM,-298.5
95,2961232,1/26/2019 1:00:56.000000000 PM,2961217,1/26/2019 1:03:26.000000000 PM,-12.5,2960112,1/26/2019 1:00:08.000000000 PM,2961232,1/26/2019 1:00:56.000000000 PM,-565
96,2961802,1/26/2019 1:04:46.000000000 PM,2961307,1/26/2019 1:06:58.000000000 PM,-252.5,2961215,1/26/2019 1:03:26.000000000 PM,2961802,1/26/2019 1:04:46.000000000 PM,-298.5
97,2961455,1/26/2019 1:09:40.000000000 PM,2970695,1/26/2019 1:32:38.000000000 PM,4615,2961390,1/26/2019 1:06:58.000000000 PM,2961455,1/26/2019 1:09:40.000000000 PM,-37.5
98,2971770,1/26/2019 1:34:14.000000000 PM,2970765,1/26/2019 1:35:02.000000000 PM,-507.5,2970555,1/26/2019 1:32:38.000000000 PM,2971770,1/26/2019 1:34:14.000000000 PM,-612.5
99,2970957,1/26/2019 1:38:46.000000000 PM,2970675,1/26/2019 1:41:52.000000000 PM,-146,2970765,1/26/2019 1:35:02.000000000 PM,2970957,1/26/2019 1:38:46.000000000 PM,-101
100,2969340,1/26/2019 1:47:38.000000000 PM,2968522,1/26/2019 1:48:00.000000000 PM,-414,2970675,1/26/2019 1:41:52.000000000 PM,2969340,1/26/2019 1:47:38.000000000 PM,662.5
101,2969052,1/26/2019 1:48:48.000000000 PM,2968902,1/26/2019 1:52:08.000000000 PM,-80,2968520,1/26/2019 1:48:00.000000000 PM,2969052,1/26/2019 1:48:48.000000000 PM,-271
102,2969647,1/26/2019 1:52:50.000000000 PM,2969895,1/26/2019 1:59:10.000000000 PM,119,2968905,1/26/2019 1:52:08.000000000 PM,2969647,1/26/2019 1:52:50.000000000 PM,-376
103,2969772,1/26/2019 2:01:08.000000000 PM,2970522,1/26/2019 2:02:26.000000000 PM,370,2969987,1/26/2019 1:59:10.000000000 PM,2969772,1/26/2019 2:01:08.000000000 PM,102.5
104,2971392,1/26/2019 2:06:46.000000000 PM,2970197,1/26/2019 2:08:14.000000000 PM,-602.5,2970415,1/26/2019 2:02:26.000000000 PM,2971392,1/26/2019 2:06:46.000000000 PM,-493.5
105,2970905,1/26/2019 2:09:10.000000000 PM,2970327,1/26/2019 2:10:08.000000000 PM,-294,2970182,1/26/2019 2:08:14.000000000 PM,2970905,1/26/2019 2:09:10.000000000 PM,-366.5
106,2970437,1/26/2019 2:13:02.000000000 PM,2971190,1/26/2019 2:17:32.000000000 PM,371.5,2969992,1/26/2019 2:10:08.000000000 PM,2970437,1/26/2019 2:13:02.000000000 PM,-227.5
107,2970267,1/26/2019 2:21:54.000000000 PM,2969662,1/26/2019 2:23:00.000000000 PM,-307.5,2971125,1/26/2019 2:17:32.000000000 PM,2970267,1/26/2019 2:21:54.000000000 PM,424
108,2970402,1/26/2019 2:24:24.000000000 PM,2977155,1/26/2019 2:31:54.000000000 PM,3371.5,2969615,1/26/2019 2:23:00.000000000 PM,2970402,1/26/2019 2:24:24.000000000 PM,-398.5
109,2978355,1/26/2019 2:32:32.000000000 PM,2977735,1/26/2019 2:34:16.000000000 PM,-315,2976845,1/26/2019 2:31:54.000000000 PM,2978355,1/26/2019 2:32:32.000000000 PM,-760
110,2979060,1/26/2019 2:35:00.000000000 PM,2978255,1/26/2019 2:35:40.000000000 PM,-407.5,2977687,1/26/2019 2:34:16.000000000 PM,2979060,1/26/2019 2:35:00.000000000 PM,-691.5
111,2981067,1/26/2019 2:36:32.000000000 PM,2991070,1/26/2019 2:42:44.000000000 PM,4996.5,2978287,1/26/2019 2:35:40.000000000 PM,2981067,1/26/2019 2:36:32.000000000 PM,-1395
112,2994772,1/26/2019 2:44:04.000000000 PM,2993295,1/26/2019 2:47:50.000000000 PM,-743.5,2992990,1/26/2019 2:48:02.000000000 PM,2995542,1/26/2019 2:48:50.000000000 PM,-1281
113,2996550,1/26/2019 2:49:42.000000000 PM,3000235,1/26/2019 2:55:18.000000000 PM,1837.5,3000187,1/26/2019 2:55:18.000000000 PM,3002277,1/26/2019 3:00:12.000000000 PM,-1050
114,3002277,1/26/2019 3:00:12.000000000 PM,3002387,1/26/2019 3:05:28.000000000 PM,50,3002352,1/26/2019 3:05:28.000000000 PM,3003112,1/26/2019 3:06:32.000000000 PM,-385
115,3003112,1/26/2019 3:06:32.000000000 PM,3012307,1/26/2019 3:16:16.000000000 PM,4592.5,3012302,1/26/2019 3:16:16.000000000 PM,3012147,1/26/2019 3:19:10.000000000 PM,72.5
116,3012147,1/26/2019 3:19:10.000000000 PM,3015247,1/26/2019 3:29:02.000000000 PM,1545,3030357,1/27/2019 9:21:22.000000000 AM,3027847,1/27/2019 9:25:20.000000000 AM,1250
117,3024650,1/27/2019 9:15:04.000000000 AM,3025042,1/27/2019 9:15:22.000000000 AM,191,3029587,1/27/2019 9:29:34.000000000 AM,3028702,1/27/2019 9:32:38.000000000 AM,437.5
118,3024865,1/27/2019 9:15:24.000000000 AM,3023737,1/27/2019 9:16:26.000000000 AM,-569,3028175,1/27/2019 9:34:22.000000000 AM,3019130,1/27/2019 9:38:52.000000000 AM,4517.5
119,3026195,1/27/2019 9:17:22.000000000 AM,3030335,1/27/2019 9:21:22.000000000 AM,2065,3017700,1/27/2019 9:40:10.000000000 AM,3018752,1/27/2019 9:42:12.000000000 AM,-531
120,3027847,1/27/2019 9:25:20.000000000 AM,3029587,1/27/2019 9:29:34.000000000 AM,865,3018742,1/27/2019 9:44:10.000000000 AM,3019987,1/27/2019 9:45:26.000000000 AM,-627.5
121,3028702,1/27/2019 9:32:38.000000000 AM,3028175,1/27/2019 9:34:22.000000000 AM,-268.5,3022052,1/27/2019 9:49:18.000000000 AM,3022010,1/27/2019 9:51:36.000000000 AM,16
122,3018752,1/27/2019 9:42:12.000000000 AM,3018742,1/27/2019 9:44:10.000000000 AM,-10,3022030,1/27/2019 9:54:40.000000000 AM,3021860,1/27/2019 9:58:10.000000000 AM,80
123,3019987,1/27/2019 9:45:26.000000000 AM,3021645,1/27/2019 9:49:18.000000000 AM,824,3024295,1/27/2019 10:02:36.000000000 AM,3024975,1/27/2019 10:03:16.000000000 AM,-345
124,3022010,1/27/2019 9:51:36.000000000 AM,3022030,1/27/2019 9:54:40.000000000 AM,5,3023942,1/27/2019 10:04:08.000000000 AM,3023297,1/27/2019 10:05:58.000000000 AM,317.5
125,3021860,1/27/2019 9:58:10.000000000 AM,3024295,1/27/2019 10:02:36.000000000 AM,1212.5,3022200,1/27/2019 10:07:00.000000000 AM,3022792,1/27/2019 10:08:44.000000000 AM,-301
126,3024975,1/27/2019 10:03:16.000000000 AM,3023942,1/27/2019 10:04:08.000000000 AM,-521.5,3022327,1/27/2019 10:10:18.000000000 AM,3022642,1/27/2019 10:11:26.000000000 AM,-162.5
127,3023297,1/27/2019 10:05:58.000000000 AM,3021835,1/27/2019 10:07:00.000000000 AM,-736,3022415,1/27/2019 10:13:06.000000000 AM,3023472,1/27/2019 10:13:28.000000000 AM,-533.5
128,3022792,1/27/2019 10:08:44.000000000 AM,3022270,1/27/2019 10:10:18.000000000 AM,-266,3023950,1/27/2019 10:15:36.000000000 AM,3024495,1/27/2019 10:17:08.000000000 AM,-277.5
129,3022642,1/27/2019 10:11:26.000000000 AM,3022402,1/27/2019 10:13:06.000000000 AM,-125,3024975,1/27/2019 10:20:16.000000000 AM,3025360,1/27/2019 10:22:14.000000000 AM,-197.5
130,3023472,1/27/2019 10:13:28.000000000 AM,3023997,1/27/2019 10:15:36.000000000 AM,257.5,3028707,1/27/2019 10:26:50.000000000 AM,3029160,1/27/2019 10:28:26.000000000 AM,-231.5
131,3024495,1/27/2019 10:17:08.000000000 AM,3024987,1/27/2019 10:20:16.000000000 AM,241,3028695,1/27/2019 10:29:20.000000000 AM,3029560,1/27/2019 10:32:04.000000000 AM,-437.5
132,3025360,1/27/2019 10:22:14.000000000 AM,3028660,1/27/2019 10:26:50.000000000 AM,1645,3028730,1/27/2019 10:33:36.000000000 AM,3027625,1/27/2019 10:37:04.000000000 AM,547.5
133,3029160,1/27/2019 10:28:26.000000000 AM,3028615,1/27/2019 10:29:20.000000000 AM,-277.5,3027805,1/27/2019 10:39:42.000000000 AM,3029230,1/27/2019 10:42:08.000000000 AM,-717.5
134,3029560,1/27/2019 10:32:04.000000000 AM,3028457,1/27/2019 10:33:36.000000000 AM,-556.5,3029022,1/27/2019 10:43:12.000000000 AM,3029555,1/27/2019 10:43:44.000000000 AM,-271.5
135,3027625,1/27/2019 10:37:04.000000000 AM,3027805,1/27/2019 10:39:42.000000000 AM,85,3031970,1/27/2019 10:47:38.000000000 AM,3032155,1/27/2019 10:50:18.000000000 AM,-97.5
136,3029230,1/27/2019 10:42:08.000000000 AM,3029020,1/27/2019 10:43:12.000000000 AM,-110,3036045,1/27/2019 10:55:02.000000000 AM,3037257,1/27/2019 10:56:46.000000000 AM,-611
137,3029555,1/27/2019 10:43:44.000000000 AM,3031970,1/27/2019 10:47:38.000000000 AM,1202.5,3036410,1/27/2019 10:57:48.000000000 AM,3035517,1/27/2019 10:59:26.000000000 AM,441.5
138,3032155,1/27/2019 10:50:18.000000000 AM,3035950,1/27/2019 10:55:02.000000000 AM,1892.5,3034527,1/27/2019 11:01:04.000000000 AM,3034860,1/27/2019 11:08:58.000000000 AM,-171.5
139,3037257,1/27/2019 10:56:46.000000000 AM,3036520,1/27/2019 10:57:48.000000000 AM,-373.5,3034585,1/27/2019 11:09:58.000000000 AM,3034482,1/27/2019 11:12:54.000000000 AM,46.5
140,3035517,1/27/2019 10:59:26.000000000 AM,3034527,1/27/2019 11:01:04.000000000 AM,-500,3034800,1/27/2019 11:15:14.000000000 AM,3034555,1/27/2019 11:17:20.000000000 AM,117.5
141,3034860,1/27/2019 11:08:58.000000000 AM,3034585,1/27/2019 11:09:58.000000000 AM,-142.5,3034797,1/27/2019 11:20:22.000000000 AM,3035317,1/27/2019 11:20:56.000000000 AM,-265
142,3034482,1/27/2019 11:12:54.000000000 AM,3034800,1/27/2019 11:15:14.000000000 AM,154,3035402,1/27/2019 11:24:52.000000000 AM,3031167,1/27/2019 11:29:30.000000000 AM,2112.5
143,3034555,1/27/2019 11:17:20.000000000 AM,3034760,1/27/2019 11:20:22.000000000 AM,97.5,3027837,1/27/2019 11:30:56.000000000 AM,3027695,1/27/2019 11:34:36.000000000 AM,66
144,3035317,1/27/2019 11:20:56.000000000 AM,3035442,1/27/2019 11:24:52.000000000 AM,57.5,3024295,1/27/2019 11:35:28.000000000 AM,3024350,1/27/2019 11:36:28.000000000 AM,-32.5
145,3031167,1/27/2019 11:29:30.000000000 AM,3027975,1/27/2019 11:30:56.000000000 AM,-1601,3025650,1/27/2019 11:40:16.000000000 AM,3026800,1/27/2019 11:41:28.000000000 AM,-580
146,3026185,1/27/2019 11:37:24.000000000 AM,3025650,1/27/2019 11:40:16.000000000 AM,-272.5,3026847,1/27/2019 11:45:06.000000000 AM,3025260,1/27/2019 11:47:32.000000000 AM,788.5
147,3026800,1/27/2019 11:41:28.000000000 AM,3026847,1/27/2019 11:45:06.000000000 AM,18.5,3025772,1/27/2019 11:52:08.000000000 AM,3027202,1/27/2019 11:52:24.000000000 AM,-720
148,3025260,1/27/2019 11:47:32.000000000 AM,3025772,1/27/2019 11:52:08.000000000 AM,251,3024970,1/27/2019 11:54:50.000000000 AM,3025805,1/27/2019 11:56:24.000000000 AM,-422.5
149,3027202,1/27/2019 11:52:24.000000000 AM,3024930,1/27/2019 11:54:50.000000000 AM,-1141,3023937,1/27/2019 11:57:08.000000000 AM,3024512,1/27/2019 11:59:14.000000000 AM,-292.5
150,3025805,1/27/2019 11:56:24.000000000 AM,3023945,1/27/2019 11:57:08.000000000 AM,-935,3024540,1/27/2019 12:03:02.000000000 PM,3026050,1/27/2019 12:06:50.000000000 PM,-760
151,3024512,1/27/2019 11:59:14.000000000 AM,3024530,1/27/2019 12:03:02.000000000 PM,4,3028690,1/27/2019 12:16:20.000000000 PM,3028397,1/27/2019 12:20:04.000000000 PM,141.5
152,3026050,1/27/2019 12:06:50.000000000 PM,3028685,1/27/2019 12:16:20.000000000 PM,1312.5,3035587,1/27/2019 12:25:46.000000000 PM,3033340,1/27/2019 12:26:18.000000000 PM,1118.5
153,3028397,1/27/2019 12:20:04.000000000 PM,3034950,1/27/2019 12:25:46.000000000 PM,3271.5,3033555,1/27/2019 12:30:56.000000000 PM,3034870,1/27/2019 12:32:36.000000000 PM,-662.5
154,3035210,1/27/2019 12:32:42.000000000 PM,3033705,1/27/2019 12:33:52.000000000 PM,-757.5,3033685,1/27/2019 12:33:52.000000000 PM,3033830,1/27/2019 12:37:28.000000000 PM,-77.5
155,3034665,1/27/2019 12:38:52.000000000 PM,3034212,1/27/2019 12:41:18.000000000 PM,-231.5,3034200,1/27/2019 12:41:18.000000000 PM,3035202,1/27/2019 12:42:04.000000000 PM,-506
156,3035202,1/27/2019 12:42:04.000000000 PM,3037500,1/27/2019 12:45:54.000000000 PM,1144,3037582,1/27/2019 12:45:54.000000000 PM,3039625,1/27/2019 12:47:30.000000000 PM,-1026.5
157,3039625,1/27/2019 12:47:30.000000000 PM,3039067,1/27/2019 12:52:00.000000000 PM,-284,3039067,1/27/2019 12:52:00.000000000 PM,3037522,1/27/2019 12:58:02.000000000 PM,767.5
158,3037522,1/27/2019 12:58:02.000000000 PM,3037720,1/27/2019 1:03:04.000000000 PM,94,3037427,1/27/2019 1:03:04.000000000 PM,3036262,1/27/2019 1:10:02.000000000 PM,577.5
159,3036262,1/27/2019 1:10:02.000000000 PM,3040505,1/27/2019 1:16:38.000000000 PM,2116.5,3040245,1/27/2019 1:16:38.000000000 PM,3039297,1/27/2019 1:20:06.000000000 PM,469
160,3039297,1/27/2019 1:20:06.000000000 PM,3038850,1/27/2019 1:24:06.000000000 PM,-228.5,3038850,1/27/2019 1:24:06.000000000 PM,3038500,1/27/2019 1:26:22.000000000 PM,170
161,3038500,1/27/2019 1:26:22.000000000 PM,3039400,1/27/2019 1:28:54.000000000 PM,445,3039400,1/27/2019 1:28:54.000000000 PM,3039600,1/27/2019 1:29:50.000000000 PM,-105
162,3039600,1/27/2019 1:29:50.000000000 PM,3038797,1/27/2019 1:30:24.000000000 PM,-406.5,3038947,1/27/2019 1:30:24.000000000 PM,3033430,1/27/2019 1:33:56.000000000 PM,2753.5
163,3030495,1/27/2019 1:39:30.000000000 PM,3028272,1/27/2019 1:40:38.000000000 PM,-1116.5,3032702,1/27/2019 1:35:10.000000000 PM,3030495,1/27/2019 1:39:30.000000000 PM,1098.5
164,3024330,1/27/2019 1:43:44.000000000 PM,3024965,1/27/2019 1:45:52.000000000 PM,312.5,3028422,1/27/2019 1:40:38.000000000 PM,3024150,1/27/2019 1:43:42.000000000 PM,2131
165,3001827,1/27/2019 1:51:42.000000000 PM,3016832,1/27/2019 1:53:58.000000000 PM,7497.5,3024995,1/27/2019 1:45:52.000000000 PM,3019632,1/27/2019 1:47:34.000000000 PM,2676.5
166,3017582,1/27/2019 1:56:40.000000000 PM,3014142,1/27/2019 1:58:56.000000000 PM,-1725,3015945,1/27/2019 1:48:18.000000000 PM,3005817,1/27/2019 1:49:28.000000000 PM,5059
167,3014850,1/27/2019 2:01:06.000000000 PM,3013095,1/27/2019 2:02:30.000000000 PM,-882.5,3002827,1/27/2019 1:50:18.000000000 PM,2996757,1/27/2019 1:51:04.000000000 PM,3030
168,3008950,1/27/2019 2:07:28.000000000 PM,3007202,1/27/2019 2:09:50.000000000 PM,-879,3011907,1/27/2019 1:54:24.000000000 PM,3015005,1/27/2019 1:55:18.000000000 PM,-1554
169,3010447,1/27/2019 2:10:24.000000000 PM,3021157,1/27/2019 2:11:32.000000000 PM,5350,3013037,1/27/2019 1:59:12.000000000 PM,3014850,1/27/2019 2:01:06.000000000 PM,-911.5
170,3020995,1/27/2019 2:11:34.000000000 PM,3020205,1/27/2019 2:12:32.000000000 PM,-400,3013187,1/27/2019 2:02:30.000000000 PM,3013017,1/27/2019 2:04:34.000000000 PM,80
171,3019527,1/27/2019 2:21:44.000000000 PM,3017557,1/27/2019 2:26:26.000000000 PM,-990,3009947,1/27/2019 2:05:12.000000000 PM,3007100,1/27/2019 2:06:58.000000000 PM,1418.5
172,3017475,1/27/2019 2:32:02.000000000 PM,3026627,1/27/2019 2:38:42.000000000 PM,4571,3007202,1/27/2019 2:09:50.000000000 PM,3010447,1/27/2019 2:10:24.000000000 PM,-1627.5
173,3024925,1/27/2019 2:41:56.000000000 PM,3024957,1/27/2019 2:46:06.000000000 PM,11,3016235,1/27/2019 2:15:08.000000000 PM,3017385,1/27/2019 2:15:44.000000000 PM,-580
174,3023215,1/27/2019 2:48:52.000000000 PM,3022297,1/27/2019 2:50:44.000000000 PM,-464,3016257,1/27/2019 2:18:30.000000000 PM,3016592,1/27/2019 2:19:24.000000000 PM,-172.5
175,3022495,1/27/2019 2:52:48.000000000 PM,3023290,1/27/2019 3:00:28.000000000 PM,392.5,3017462,1/27/2019 2:26:26.000000000 PM,3016055,1/27/2019 2:31:50.000000000 PM,698.5
176,3020382,1/27/2019 3:04:56.000000000 PM,3020685,1/27/2019 3:07:48.000000000 PM,146.5,3027020,1/27/2019 2:38:42.000000000 PM,3025002,1/27/2019 2:41:54.000000000 PM,1004
177,3019610,1/27/2019 3:13:50.000000000 PM,3018655,1/27/2019 3:16:24.000000000 PM,-482.5,3025002,1/27/2019 2:46:06.000000000 PM,3023215,1/27/2019 2:48:52.000000000 PM,888.5
178,3017842,1/27/2019 3:19:56.000000000 PM,3017160,1/27/2019 3:20:36.000000000 PM,-346,3022297,1/27/2019 2:50:44.000000000 PM,3020747,1/27/2019 2:52:36.000000000 PM,770
179,3016860,1/27/2019 3:22:48.000000000 PM,3015917,1/27/2019 3:25:02.000000000 PM,-476.5,3022772,1/27/2019 3:00:34.000000000 PM,3020382,1/27/2019 3:04:56.000000000 PM,1190
180,3016752,1/27/2019 3:25:40.000000000 PM,3017850,1/27/2019 3:27:54.000000000 PM,544,3020580,1/27/2019 3:07:48.000000000 PM,3019610,1/27/2019 3:13:50.000000000 PM,480
181,3019207,1/28/2019 9:15:06.000000000 AM,3015652,1/28/2019 9:15:44.000000000 AM,-1782.5,3018655,1/27/2019 3:16:24.000000000 PM,3017842,1/27/2019 3:19:56.000000000 PM,401.5
182,3013855,1/28/2019 9:17:46.000000000 AM,3020130,1/28/2019 9:26:42.000000000 AM,3132.5,3017165,1/27/2019 3:20:36.000000000 PM,3016860,1/27/2019 3:22:48.000000000 PM,147.5
183,3021077,1/28/2019 9:28:20.000000000 AM,3019830,1/28/2019 9:29:18.000000000 AM,-628.5,3015917,1/27/2019 3:25:02.000000000 PM,3016752,1/27/2019 3:25:40.000000000 PM,-422.5
184,3018707,1/28/2019 9:34:08.000000000 AM,3018300,1/28/2019 9:35:38.000000000 AM,-208.5,3017835,1/27/2019 3:27:54.000000000 PM,3017367,1/27/2019 3:29:02.000000000 PM,229
185,3018997,1/28/2019 9:36:24.000000000 AM,3018070,1/28/2019 9:37:10.000000000 AM,-468.5,3015195,1/28/2019 9:15:54.000000000 AM,3013855,1/28/2019 9:17:46.000000000 AM,665
186,3018512,1/28/2019 9:39:28.000000000 AM,3019302,1/28/2019 9:42:18.000000000 AM,390,3020130,1/28/2019 9:26:42.000000000 AM,3021077,1/28/2019 9:28:20.000000000 AM,-478.5
187,3020410,1/28/2019 9:44:18.000000000 AM,3030165,1/28/2019 9:57:14.000000000 AM,4872.5,3019830,1/28/2019 9:29:18.000000000 AM,3018707,1/28/2019 9:34:08.000000000 AM,556.5
188,3031827,1/28/2019 9:59:08.000000000 AM,3030085,1/28/2019 10:00:54.000000000 AM,-876,3018300,1/28/2019 9:35:38.000000000 AM,3018997,1/28/2019 9:36:24.000000000 AM,-353.5
189,3030005,1/28/2019 10:03:46.000000000 AM,3029787,1/28/2019 10:04:52.000000000 AM,-114,3017962,1/28/2019 9:37:10.000000000 AM,3018512,1/28/2019 9:39:28.000000000 AM,-280
190,3030797,1/28/2019 10:06:34.000000000 AM,3031232,1/28/2019 10:08:34.000000000 AM,212.5,3019302,1/28/2019 9:42:18.000000000 AM,3020410,1/28/2019 9:44:18.000000000 AM,-559
191,3026072,1/28/2019 10:14:10.000000000 AM,3025252,1/28/2019 10:14:44.000000000 AM,-415,3030232,1/28/2019 9:57:14.000000000 AM,3031827,1/28/2019 9:59:08.000000000 AM,-802.5
192,3025707,1/28/2019 10:15:30.000000000 AM,3027320,1/28/2019 10:18:58.000000000 AM,801.5,3030307,1/28/2019 10:00:54.000000000 AM,3030005,1/28/2019 10:03:46.000000000 AM,146
193,3026627,1/28/2019 10:21:30.000000000 AM,3025972,1/28/2019 10:22:32.000000000 AM,-332.5,3029787,1/28/2019 10:04:52.000000000 AM,3030797,1/28/2019 10:06:34.000000000 AM,-510
194,3026102,1/28/2019 10:26:30.000000000 AM,3025720,1/28/2019 10:27:34.000000000 AM,-196,3031207,1/28/2019 10:08:34.000000000 AM,3026072,1/28/2019 10:14:10.000000000 AM,2562.5
195,3026202,1/28/2019 10:28:18.000000000 AM,3025972,1/28/2019 10:29:58.000000000 AM,-120,3025355,1/28/2019 10:14:44.000000000 AM,3025707,1/28/2019 10:15:30.000000000 AM,-181
196,3026420,1/28/2019 10:30:30.000000000 AM,3025932,1/28/2019 10:31:18.000000000 AM,-249,3027320,1/28/2019 10:18:58.000000000 AM,3026627,1/28/2019 10:21:30.000000000 AM,341.5
197,3026467,1/28/2019 10:31:50.000000000 AM,3026182,1/28/2019 10:32:56.000000000 AM,-147.5,3025972,1/28/2019 10:22:32.000000000 AM,3026102,1/28/2019 10:26:30.000000000 AM,-70
198,3024065,1/28/2019 10:41:14.000000000 AM,3025567,1/28/2019 10:46:34.000000000 AM,746,3025720,1/28/2019 10:27:34.000000000 AM,3026202,1/28/2019 10:28:18.000000000 AM,-246
199,3024742,1/28/2019 10:49:04.000000000 AM,3026465,1/28/2019 10:56:38.000000000 AM,856.5,3025975,1/28/2019 10:29:58.000000000 AM,3026420,1/28/2019 10:30:30.000000000 AM,-227.5
200,3026255,1/28/2019 11:00:26.000000000 AM,3028655,1/28/2019 11:08:06.000000000 AM,1195,3025932,1/28/2019 10:31:18.000000000 AM,3026467,1/28/2019 10:31:50.000000000 AM,-272.5
201,3027910,1/28/2019 11:12:18.000000000 AM,3028795,1/28/2019 11:15:40.000000000 AM,437.5,3026147,1/28/2019 10:32:56.000000000 AM,3024065,1/28/2019 10:41:14.000000000 AM,1036
202,3027700,1/28/2019 11:21:28.000000000 AM,3027882,1/28/2019 11:25:24.000000000 AM,86,3025567,1/28/2019 10:46:34.000000000 AM,3024742,1/28/2019 10:49:04.000000000 AM,407.5
203,3026030,1/28/2019 11:29:52.000000000 AM,3025532,1/28/2019 11:30:22.000000000 AM,-254,3026465,1/28/2019 10:56:38.000000000 AM,3026255,1/28/2019 11:00:26.000000000 AM,100
204,3026202,1/28/2019 11:31:02.000000000 AM,3026195,1/28/2019 11:32:50.000000000 AM,-8.5,3028655,1/28/2019 11:08:06.000000000 AM,3027910,1/28/2019 11:12:18.000000000 AM,367.5
205,3026217,1/28/2019 11:34:18.000000000 AM,3026132,1/28/2019 11:35:34.000000000 AM,-47.5,3028880,1/28/2019 11:15:40.000000000 AM,3027700,1/28/2019 11:21:28.000000000 AM,585
206,3026650,1/28/2019 11:36:46.000000000 AM,3027042,1/28/2019 11:42:28.000000000 AM,191,3028202,1/28/2019 11:25:24.000000000 AM,3026030,1/28/2019 11:29:52.000000000 AM,1081
207,3027327,1/28/2019 11:45:08.000000000 AM,3028390,1/28/2019 11:49:20.000000000 AM,526.5,3025532,1/28/2019 11:30:22.000000000 AM,3026202,1/28/2019 11:31:02.000000000 AM,-340
208,3028657,1/28/2019 11:49:52.000000000 AM,3028167,1/28/2019 11:50:40.000000000 AM,-250,3026195,1/28/2019 11:32:50.000000000 AM,3026217,1/28/2019 11:34:18.000000000 AM,-16
209,3027962,1/28/2019 11:53:40.000000000 AM,3027432,1/28/2019 11:54:40.000000000 AM,-270,3026132,1/28/2019 11:35:34.000000000 AM,3026650,1/28/2019 11:36:46.000000000 AM,-264
210,3026955,1/28/2019 11:57:02.000000000 AM,3027700,1/28/2019 12:01:46.000000000 PM,367.5,3026972,1/28/2019 11:42:28.000000000 AM,3027327,1/28/2019 11:45:08.000000000 AM,-182.5
211,3027247,1/28/2019 12:04:26.000000000 PM,3027807,1/28/2019 12:06:32.000000000 PM,275,3028390,1/28/2019 11:49:20.000000000 AM,3028657,1/28/2019 11:49:52.000000000 AM,-138.5
212,3027655,1/28/2019 12:08:36.000000000 PM,3031857,1/28/2019 12:13:28.000000000 PM,2096,3028167,1/28/2019 11:50:40.000000000 AM,3027962,1/28/2019 11:53:40.000000000 AM,97.5
213,3032610,1/28/2019 12:14:02.000000000 PM,3035230,1/28/2019 12:21:00.000000000 PM,1305,3027432,1/28/2019 11:54:40.000000000 AM,3026955,1/28/2019 11:57:02.000000000 AM,233.5
214,3035090,1/28/2019 12:22:04.000000000 PM,3035450,1/28/2019 12:27:18.000000000 PM,175,3027700,1/28/2019 12:01:46.000000000 PM,3027247,1/28/2019 12:04:26.000000000 PM,221.5
215,3034097,1/28/2019 12:31:44.000000000 PM,3033940,1/28/2019 12:32:46.000000000 PM,-83.5,3027807,1/28/2019 12:06:32.000000000 PM,3027655,1/28/2019 12:08:36.000000000 PM,71
216,3034537,1/28/2019 12:34:22.000000000 PM,3035360,1/28/2019 12:37:36.000000000 PM,406.5,3031857,1/28/2019 12:13:28.000000000 PM,3032610,1/28/2019 12:14:02.000000000 PM,-381.5
217,3037020,1/28/2019 12:38:28.000000000 PM,3036840,1/28/2019 12:42:36.000000000 PM,-95,3035230,1/28/2019 12:21:00.000000000 PM,3035090,1/28/2019 12:22:04.000000000 PM,65
218,3036255,1/28/2019 12:44:30.000000000 PM,3035915,1/28/2019 12:46:38.000000000 PM,-175,3035450,1/28/2019 12:27:18.000000000 PM,3034097,1/28/2019 12:31:44.000000000 PM,671.5
219,3032300,1/28/2019 12:51:38.000000000 PM,3033512,1/28/2019 12:55:30.000000000 PM,601,3033940,1/28/2019 12:32:46.000000000 PM,3034537,1/28/2019 12:34:22.000000000 PM,-303.5
220,3033552,1/28/2019 12:56:32.000000000 PM,3033820,1/28/2019 1:00:18.000000000 PM,129,3035325,1/28/2019 12:37:36.000000000 PM,3037020,1/28/2019 12:38:28.000000000 PM,-852.5
221,3033735,1/28/2019 1:05:56.000000000 PM,3034035,1/28/2019 1:10:44.000000000 PM,145,3036840,1/28/2019 12:42:36.000000000 PM,3036255,1/28/2019 12:44:30.000000000 PM,287.5
222,3034845,1/28/2019 1:11:44.000000000 PM,3036865,1/28/2019 1:17:42.000000000 PM,1005,3035915,1/28/2019 12:46:38.000000000 PM,3032300,1/28/2019 12:51:38.000000000 PM,1802.5
223,3034545,1/28/2019 1:22:02.000000000 PM,3033687,1/28/2019 1:22:22.000000000 PM,-434,3033512,1/28/2019 12:55:30.000000000 PM,3033552,1/28/2019 12:56:32.000000000 PM,-25
224,3033787,1/28/2019 1:24:12.000000000 PM,3033470,1/28/2019 1:27:18.000000000 PM,-163.5,3033820,1/28/2019 1:00:18.000000000 PM,3033735,1/28/2019 1:05:56.000000000 PM,37.5
225,3033872,1/28/2019 1:28:28.000000000 PM,3033317,1/28/2019 1:28:44.000000000 PM,-282.5,3034035,1/28/2019 1:10:44.000000000 PM,3034845,1/28/2019 1:11:44.000000000 PM,-410
226,3034105,1/28/2019 1:29:00.000000000 PM,3035170,1/28/2019 1:32:02.000000000 PM,527.5,3036807,1/28/2019 1:17:42.000000000 PM,3034545,1/28/2019 1:22:02.000000000 PM,1126
227,3035790,1/28/2019 1:32:50.000000000 PM,3035350,1/28/2019 1:35:32.000000000 PM,-225,3033722,1/28/2019 1:22:22.000000000 PM,3033787,1/28/2019 1:24:12.000000000 PM,-37.5
228,3036240,1/28/2019 1:37:34.000000000 PM,3045807,1/28/2019 1:49:44.000000000 PM,4778.5,3033480,1/28/2019 1:27:18.000000000 PM,3033872,1/28/2019 1:28:28.000000000 PM,-201
229,3046605,1/28/2019 1:51:12.000000000 PM,3047100,1/28/2019 1:52:22.000000000 PM,242.5,3033317,1/28/2019 1:28:44.000000000 PM,3034105,1/28/2019 1:29:00.000000000 PM,-399
230,3051725,1/28/2019 1:55:14.000000000 PM,3051232,1/28/2019 1:56:40.000000000 PM,-251.5,3035170,1/28/2019 1:32:02.000000000 PM,3035790,1/28/2019 1:32:50.000000000 PM,-315
231,3047405,1/28/2019 2:02:24.000000000 PM,3049047,1/28/2019 2:08:58.000000000 PM,816,3035350,1/28/2019 1:35:32.000000000 PM,3036240,1/28/2019 1:37:34.000000000 PM,-450
232,3049460,1/28/2019 2:13:06.000000000 PM,3049270,1/28/2019 2:18:28.000000000 PM,-100,3045812,1/28/2019 1:49:44.000000000 PM,3046605,1/28/2019 1:51:12.000000000 PM,-401.5
233,3050307,1/28/2019 2:20:46.000000000 PM,3050400,1/28/2019 2:22:42.000000000 PM,41.5,3047100,1/28/2019 1:52:22.000000000 PM,3050490,1/28/2019 1:54:50.000000000 PM,-1700
234,3050852,1/28/2019 2:24:10.000000000 PM,3052392,1/28/2019 2:27:50.000000000 PM,765,3051485,1/28/2019 1:56:40.000000000 PM,3047405,1/28/2019 2:02:24.000000000 PM,2035
235,3046902,1/28/2019 2:40:56.000000000 PM,3048885,1/28/2019 2:44:50.000000000 PM,986.5,3048970,1/28/2019 2:08:58.000000000 PM,3049460,1/28/2019 2:13:06.000000000 PM,-250
236,3049817,1/28/2019 2:45:40.000000000 PM,3050192,1/28/2019 2:47:32.000000000 PM,182.5,3049380,1/28/2019 2:18:28.000000000 PM,3050307,1/28/2019 2:20:46.000000000 PM,-468.5
237,3046482,1/28/2019 2:57:28.000000000 PM,3045022,1/28/2019 2:58:56.000000000 PM,-735,3050400,1/28/2019 2:22:42.000000000 PM,3050852,1/28/2019 2:24:10.000000000 PM,-231
238,3045072,1/28/2019 3:00:38.000000000 PM,3052297,1/28/2019 3:05:02.000000000 PM,3607.5,3052392,1/28/2019 2:27:50.000000000 PM,3046902,1/28/2019 2:40:56.000000000 PM,2740
239,3048215,1/28/2019 3:08:44.000000000 PM,3054947,1/28/2019 3:27:28.000000000 PM,3361,3048885,1/28/2019 2:44:50.000000000 PM,3049817,1/28/2019 2:45:40.000000000 PM,-471
240,3059000,1/29/2019 9:15:08.000000000 AM,3059162,1/29/2019 9:15:28.000000000 AM,76,3050165,1/28/2019 2:47:32.000000000 PM,3046482,1/28/2019 2:57:28.000000000 PM,1836.5
241,3055777,1/29/2019 9:17:38.000000000 AM,3063832,1/29/2019 9:28:32.000000000 AM,4022.5,3045022,1/28/2019 2:58:56.000000000 PM,3045072,1/28/2019 3:00:38.000000000 PM,-30
242,3051802,1/29/2019 9:38:26.000000000 AM,3049650,1/29/2019 9:39:00.000000000 AM,-1081,3052292,1/28/2019 3:05:02.000000000 PM,3048215,1/28/2019 3:08:44.000000000 PM,2033.5
243,3046822,1/29/2019 9:43:00.000000000 AM,3049740,1/29/2019 9:48:34.000000000 AM,1454,3054972,1/28/2019 3:27:28.000000000 PM,3055247,1/28/2019 3:29:02.000000000 PM,-142.5
244,3047615,1/29/2019 9:52:38.000000000 AM,3047175,1/29/2019 9:55:24.000000000 AM,-225,3051880,1/29/2019 9:16:34.000000000 AM,3054802,1/29/2019 9:17:34.000000000 AM,-1466
245,3049957,1/29/2019 9:57:48.000000000 AM,3049257,1/29/2019 10:02:34.000000000 AM,-355,3063847,1/29/2019 9:28:32.000000000 AM,3050737,1/29/2019 9:37:52.000000000 AM,6550
246,3046947,1/29/2019 10:06:22.000000000 AM,3049592,1/29/2019 10:13:18.000000000 AM,1317.5,3049650,1/29/2019 9:39:00.000000000 AM,3047490,1/29/2019 9:40:36.000000000 AM,1075
247,3048257,1/29/2019 10:19:44.000000000 AM,3047787,1/29/2019 10:20:50.000000000 AM,-240,3043737,1/29/2019 9:42:16.000000000 AM,3046297,1/29/2019 9:42:48.000000000 AM,-1285
248,3048640,1/29/2019 10:21:54.000000000 AM,3048645,1/29/2019 10:23:38.000000000 AM,-2.5,3049740,1/29/2019 9:48:34.000000000 AM,3047615,1/29/2019 9:52:38.000000000 AM,1057.5
249,3048372,1/29/2019 10:25:36.000000000 AM,3047750,1/29/2019 10:27:08.000000000 AM,-316,3047212,1/29/2019 9:55:24.000000000 AM,3049225,1/29/2019 9:57:38.000000000 AM,-1011.5
250,3042815,1/29/2019 10:42:10.000000000 AM,3042620,1/29/2019 10:46:00.000000000 AM,-102.5,3049280,1/29/2019 10:02:34.000000000 AM,3046947,1/29/2019 10:06:22.000000000 AM,1161.5
251,3042157,1/29/2019 10:47:44.000000000 AM,3045305,1/29/2019 10:52:36.000000000 AM,1569,3049697,1/29/2019 10:13:18.000000000 AM,3048257,1/29/2019 10:19:44.000000000 AM,715
252,3045540,1/29/2019 10:56:00.000000000 AM,3044600,1/29/2019 10:56:32.000000000 AM,-475,3047787,1/29/2019 10:20:50.000000000 AM,3048640,1/29/2019 10:21:54.000000000 AM,-431.5
253,3044142,1/29/2019 11:00:14.000000000 AM,3049445,1/29/2019 11:07:28.000000000 AM,2646.5,3048645,1/29/2019 10:23:38.000000000 AM,3048372,1/29/2019 10:25:36.000000000 AM,131.5
254,3050130,1/29/2019 11:08:32.000000000 AM,3048762,1/29/2019 11:09:16.000000000 AM,-689,3047750,1/29/2019 10:27:08.000000000 AM,3042815,1/29/2019 10:42:10.000000000 AM,2462.5
255,3049112,1/29/2019 11:11:24.000000000 AM,3048405,1/29/2019 11:12:54.000000000 AM,-358.5,3042620,1/29/2019 10:46:00.000000000 AM,3042157,1/29/2019 10:47:44.000000000 AM,226.5
256,3048747,1/29/2019 11:14:18.000000000 AM,3048412,1/29/2019 11:16:02.000000000 AM,-172.5,3045305,1/29/2019 10:52:36.000000000 AM,3045540,1/29/2019 10:56:00.000000000 AM,-122.5
257,3048852,1/29/2019 11:17:08.000000000 AM,3052157,1/29/2019 11:21:26.000000000 AM,1647.5,3044665,1/29/2019 10:56:32.000000000 AM,3044142,1/29/2019 11:00:14.000000000 AM,256.5
258,3053662,1/29/2019 11:22:08.000000000 AM,3052305,1/29/2019 11:22:48.000000000 AM,-683.5,3049445,1/29/2019 11:07:28.000000000 AM,3050130,1/29/2019 11:08:32.000000000 AM,-347.5
259,3052630,1/29/2019 11:25:20.000000000 AM,3052217,1/29/2019 11:26:02.000000000 AM,-211.5,3048800,1/29/2019 11:09:16.000000000 AM,3049112,1/29/2019 11:11:24.000000000 AM,-161
260,3051795,1/29/2019 11:28:06.000000000 AM,3050745,1/29/2019 11:28:28.000000000 AM,-530,3048485,1/29/2019 11:12:54.000000000 AM,3048747,1/29/2019 11:14:18.000000000 AM,-136
261,3050320,1/29/2019 11:32:28.000000000 AM,3050582,1/29/2019 11:34:58.000000000 AM,126,3048302,1/29/2019 11:16:02.000000000 AM,3048852,1/29/2019 11:17:08.000000000 AM,-280
262,3051225,1/29/2019 11:36:30.000000000 AM,3050925,1/29/2019 11:38:14.000000000 AM,-155,3052182,1/29/2019 11:21:26.000000000 AM,3053662,1/29/2019 11:22:08.000000000 AM,-745
263,3050470,1/29/2019 11:40:22.000000000 AM,3049600,1/29/2019 11:42:36.000000000 AM,-440,3052297,1/29/2019 11:22:48.000000000 AM,3052630,1/29/2019 11:25:20.000000000 AM,-171.5
264,3050007,1/29/2019 11:43:36.000000000 AM,3049605,1/29/2019 11:43:56.000000000 AM,-206,3052217,1/29/2019 11:26:02.000000000 AM,3051795,1/29/2019 11:28:06.000000000 AM,206
265,3050647,1/29/2019 11:44:50.000000000 AM,3050070,1/29/2019 11:47:46.000000000 AM,-293.5,3050792,1/29/2019 11:28:28.000000000 AM,3050320,1/29/2019 11:32:28.000000000 AM,231
266,3050352,1/29/2019 11:50:08.000000000 AM,3050287,1/29/2019 11:52:02.000000000 AM,-37.5,3050582,1/29/2019 11:34:58.000000000 AM,3051225,1/29/2019 11:36:30.000000000 AM,-326.5
267,3050992,1/29/2019 11:52:40.000000000 AM,3050742,1/29/2019 11:55:54.000000000 AM,-130,3050925,1/29/2019 11:38:14.000000000 AM,3050470,1/29/2019 11:40:22.000000000 AM,222.5
268,3051787,1/29/2019 11:57:06.000000000 AM,3053245,1/29/2019 11:59:32.000000000 AM,724,3049600,1/29/2019 11:42:36.000000000 AM,3050007,1/29/2019 11:43:36.000000000 AM,-208.5
269,3051300,1/29/2019 12:04:24.000000000 PM,3050797,1/29/2019 12:04:28.000000000 PM,-256.5,3049605,1/29/2019 11:43:56.000000000 AM,3050647,1/29/2019 11:44:50.000000000 AM,-526
270,3051250,1/29/2019 12:05:28.000000000 PM,3051147,1/29/2019 12:07:26.000000000 PM,-56.5,3050075,1/29/2019 11:47:46.000000000 AM,3050352,1/29/2019 11:50:08.000000000 AM,-143.5
271,3051487,1/29/2019 12:08:38.000000000 PM,3051807,1/29/2019 12:10:22.000000000 PM,155,3050287,1/29/2019 11:52:02.000000000 AM,3050992,1/29/2019 11:52:40.000000000 AM,-357.5
272,3052672,1/29/2019 12:11:10.000000000 PM,3051787,1/29/2019 12:14:14.000000000 PM,-447.5,3050742,1/29/2019 11:55:54.000000000 AM,3051787,1/29/2019 11:57:06.000000000 AM,-527.5
273,3048272,1/29/2019 12:19:12.000000000 PM,3047750,1/29/2019 12:21:44.000000000 PM,-266,3053197,1/29/2019 11:59:32.000000000 AM,3051300,1/29/2019 12:04:24.000000000 PM,943.5
274,3049450,1/29/2019 12:22:26.000000000 PM,3047700,1/29/2019 12:24:20.000000000 PM,-880,3050797,1/29/2019 12:04:28.000000000 PM,3051250,1/29/2019 12:05:28.000000000 PM,-231.5
275,3047882,1/29/2019 12:26:48.000000000 PM,3047945,1/29/2019 12:29:52.000000000 PM,26.5,3051097,1/29/2019 12:07:26.000000000 PM,3051487,1/29/2019 12:08:38.000000000 PM,-200
276,3048395,1/29/2019 12:31:28.000000000 PM,3047650,1/29/2019 12:31:52.000000000 PM,-377.5,3051750,1/29/2019 12:10:22.000000000 PM,3052672,1/29/2019 12:11:10.000000000 PM,-466
277,3048347,1/29/2019 12:33:08.000000000 PM,3050352,1/29/2019 12:39:58.000000000 PM,997.5,3051785,1/29/2019 12:14:14.000000000 PM,3048342,1/29/2019 12:19:10.000000000 PM,1716.5
278,3051355,1/29/2019 12:40:18.000000000 PM,3052205,1/29/2019 12:43:10.000000000 PM,420,3047750,1/29/2019 12:21:44.000000000 PM,3049450,1/29/2019 12:22:26.000000000 PM,-855
279,3051915,1/29/2019 12:46:52.000000000 PM,3053412,1/29/2019 12:49:20.000000000 PM,743.5,3047700,1/29/2019 12:24:20.000000000 PM,3047882,1/29/2019 12:26:48.000000000 PM,-96
280,3052437,1/29/2019 12:56:28.000000000 PM,3051930,1/29/2019 12:57:54.000000000 PM,-258.5,3047945,1/29/2019 12:29:52.000000000 PM,3048395,1/29/2019 12:31:28.000000000 PM,-230
281,3052135,1/29/2019 12:58:54.000000000 PM,3052745,1/29/2019 1:02:50.000000000 PM,300,3047650,1/29/2019 12:31:52.000000000 PM,3048347,1/29/2019 12:33:08.000000000 PM,-353.5
282,3050162,1/29/2019 1:07:50.000000000 PM,3052305,1/29/2019 1:12:38.000000000 PM,1066.5,3050352,1/29/2019 12:39:58.000000000 PM,3051355,1/29/2019 12:40:18.000000000 PM,-506.5
283,3052452,1/29/2019 1:14:12.000000000 PM,3052097,1/29/2019 1:16:04.000000000 PM,-182.5,3052205,1/29/2019 12:43:10.000000000 PM,3051915,1/29/2019 12:46:52.000000000 PM,140
284,3053055,1/29/2019 1:17:00.000000000 PM,3053147,1/29/2019 1:19:58.000000000 PM,41,3053272,1/29/2019 12:49:20.000000000 PM,3052437,1/29/2019 12:56:28.000000000 PM,412.5
285,3053560,1/29/2019 1:21:16.000000000 PM,3057697,1/29/2019 1:22:56.000000000 PM,2063.5,3051902,1/29/2019 12:57:54.000000000 PM,3052135,1/29/2019 12:58:54.000000000 PM,-121.5
286,3058600,1/29/2019 1:26:26.000000000 PM,3057377,1/29/2019 1:28:08.000000000 PM,-616.5,3052747,1/29/2019 1:02:50.000000000 PM,3050162,1/29/2019 1:07:50.000000000 PM,1287.5
287,3057797,1/29/2019 1:32:40.000000000 PM,3056915,1/29/2019 1:37:18.000000000 PM,-446,3052300,1/29/2019 1:12:38.000000000 PM,3052452,1/29/2019 1:14:12.000000000 PM,-81
288,3057840,1/29/2019 1:39:16.000000000 PM,3056877,1/29/2019 1:41:30.000000000 PM,-486.5,3052095,1/29/2019 1:16:04.000000000 PM,3053055,1/29/2019 1:17:00.000000000 PM,-485
289,3050635,1/29/2019 1:52:36.000000000 PM,3048702,1/29/2019 1:53:20.000000000 PM,-971.5,3053147,1/29/2019 1:19:58.000000000 PM,3053560,1/29/2019 1:21:16.000000000 PM,-211.5
290,3046247,1/29/2019 1:57:04.000000000 PM,3045595,1/29/2019 1:59:26.000000000 PM,-331,3057697,1/29/2019 1:28:08.000000000 PM,3057797,1/29/2019 1:32:40.000000000 PM,-55
291,3045542,1/29/2019 2:01:44.000000000 PM,3046662,1/29/2019 2:03:48.000000000 PM,555,3057037,1/29/2019 1:37:18.000000000 PM,3057840,1/29/2019 1:39:16.000000000 PM,-406.5
292,3046925,1/29/2019 2:05:54.000000000 PM,3048847,1/29/2019 2:08:58.000000000 PM,956,3056805,1/29/2019 1:41:30.000000000 PM,3049410,1/29/2019 1:52:26.000000000 PM,3692.5
293,3048255,1/29/2019 2:11:26.000000000 PM,3047867,1/29/2019 2:12:58.000000000 PM,-199,3048695,1/29/2019 1:53:20.000000000 PM,3045390,1/29/2019 1:56:58.000000000 PM,1647.5
294,3048550,1/29/2019 2:13:28.000000000 PM,3049685,1/29/2019 2:17:08.000000000 PM,562.5,3045592,1/29/2019 1:59:26.000000000 PM,3045542,1/29/2019 2:01:44.000000000 PM,20
295,3051207,1/29/2019 2:18:06.000000000 PM,3050020,1/29/2019 2:19:14.000000000 PM,-598.5,3046790,1/29/2019 2:03:48.000000000 PM,3046925,1/29/2019 2:05:54.000000000 PM,-72.5
296,3050357,1/29/2019 2:22:58.000000000 PM,3049337,1/29/2019 2:24:48.000000000 PM,-515,3048905,1/29/2019 2:08:58.000000000 PM,3048255,1/29/2019 2:11:26.000000000 PM,320
297,3049992,1/29/2019 2:26:32.000000000 PM,3056937,1/29/2019 2:31:58.000000000 PM,3467.5,3047880,1/29/2019 2:12:58.000000000 PM,3048550,1/29/2019 2:13:28.000000000 PM,-340
298,3058952,1/29/2019 2:33:54.000000000 PM,3056855,1/29/2019 2:34:58.000000000 PM,-1053.5,3049682,1/29/2019 2:17:08.000000000 PM,3051207,1/29/2019 2:18:06.000000000 PM,-767.5
299,3057725,1/29/2019 2:38:00.000000000 PM,3058490,1/29/2019 2:41:14.000000000 PM,377.5,3050247,1/29/2019 2:19:14.000000000 PM,3050357,1/29/2019 2:22:58.000000000 PM,-60
300,3053600,1/29/2019 2:45:50.000000000 PM,3053247,1/29/2019 2:50:00.000000000 PM,-181.5,3049340,1/29/2019 2:24:48.000000000 PM,3049992,1/29/2019 2:26:32.000000000 PM,-331
301,3055315,1/29/2019 2:50:16.000000000 PM,3054542,1/29/2019 2:53:34.000000000 PM,-391.5,3056570,1/29/2019 2:32:00.000000000 PM,3058952,1/29/2019 2:33:54.000000000 PM,-1196
302,3052380,1/29/2019 2:57:08.000000000 PM,3052200,1/29/2019 3:00:42.000000000 PM,-95,3056855,1/29/2019 2:34:58.000000000 PM,3057725,1/29/2019 2:38:00.000000000 PM,-440
303,3055232,1/29/2019 3:01:54.000000000 PM,3052095,1/29/2019 3:03:44.000000000 PM,-1573.5,3058490,1/29/2019 2:41:14.000000000 PM,3054262,1/29/2019 2:44:02.000000000 PM,2109
304,3054287,1/29/2019 3:05:40.000000000 PM,3053400,1/29/2019 3:06:38.000000000 PM,-448.5,3053245,1/29/2019 2:50:00.000000000 PM,3055315,1/29/2019 2:50:16.000000000 PM,-1040
305,3053667,1/29/2019 3:08:20.000000000 PM,3052155,1/29/2019 3:09:04.000000000 PM,-761,3054542,1/29/2019 2:53:34.000000000 PM,3050852,1/29/2019 2:56:32.000000000 PM,1840
306,3053367,1/29/2019 3:12:06.000000000 PM,3052390,1/29/2019 3:13:12.000000000 PM,-493.5,3052480,1/29/2019 3:00:46.000000000 PM,3055232,1/29/2019 3:01:54.000000000 PM,-1381
307,3052645,1/29/2019 3:18:02.000000000 PM,3052917,1/29/2019 3:21:46.000000000 PM,131,3052092,1/29/2019 3:03:44.000000000 PM,3054590,1/29/2019 3:05:38.000000000 PM,-1254
308,nan,nan,nan,nan,nan,3053397,1/29/2019 3:06:38.000000000 PM,3053667,1/29/2019 3:08:20.000000000 PM,-140
309,nan,nan,nan,nan,nan,3052255,1/29/2019 3:09:04.000000000 PM,3053367,1/29/2019 3:12:06.000000000 PM,-561
310,nan,nan,nan,nan,nan,3052390,1/29/2019 3:13:12.000000000 PM,3052645,1/29/2019 3:18:02.000000000 PM,-132.5
311,nan,nan,nan,nan,nan,3052935,1/29/2019 3:21:46.000000000 PM,3050745,1/29/2019 3:29:02.000000000 PM,1090
312,nan,nan,nan,nan,nan,3049617,1/29/2019 3:29:54.000000000 PM,3049752,1/29/2019 3:29:54.000000000 PM,-72.5
